Agent,Time,Method,Resource,Version,Status
node-superagent/2.3.0,2017-12-20T23:04:46.317Z,GET,/,HTTP/1.1,200
node-superagent/2.3.0,2017-12-20T23:04:46.343Z,GET,/,HTTP/1.1,200
node-superagent/2.3.0,2017-12-20T23:04:46.354Z,GET,/,HTTP/1.1,200
node-superagent/2.3.0,2017-12-20T23:04:46.367Z,GET,/,HTTP/1.1,200
node-superagent/2.3.0,2017-12-20T23:04:46.374Z,GET,/,HTTP/1.1,200
node-superagent/2.3.0,2017-12-20T23:04:46.381Z,GET,/,HTTP/1.1,200
node-superagent/2.3.0,2017-12-20T23:04:46.388Z,GET,/,HTTP/1.1,200
node-superagent/2.3.0,2017-12-20T23:04:46.395Z,GET,/,HTTP/1.1,200
node-superagent/2.3.0,2017-12-20T23:04:46.402Z,GET,/logs,HTTP/1.1,200
node-superagent/2.3.0,2017-12-20T23:04:46.412Z,GET,/logs,HTTP/1.1,200
